asin,product_name
B007CC7EXU,伊藤園 1日分の野菜 紙パック 200ml×24本
B003LXUMDI,【99.9%除菌】ブラウン アルコール洗浄液 (6個入) メンズシェーバー用 CCR6 CR[正規品]
B004Y9IZDC,コカ・コーラ ゼロ ペットボトル 500ml×24本
B00IEA5210,"明治 ザバス ホエイプロテイン100 ココア味【50食分】 1,050g"
B087QZ1FWZ,きめつたまごっち ねずこっちカラー
B087QW57NZ,きめつたまごっち たんじろうっちカラー
B071R3FV5J,[機能性表示食品] 伊藤園 おーいお茶 濃い茶 525ml×24本
B072298YR1,伊藤園 おーいお茶 緑茶 525ml×24本
B003AZZIB8,サッポロ おいしい炭酸水 500ml×24本
B004Y9IXZW,コカ・コーラ 500mlPET×24本
B01BV15M3G,伊藤園 健康ミネラルむぎ茶 600ml×24本
B006S1YB6O,バリラ No.5 スパゲッティー 5kg [並行輸入品]
B004P77RB4,アサヒ飲料 三ツ矢サイダー 缶 250ml×30本
B07HHDVHZV,クエーカー オールドファッションオートミール 1.2kg
B003UTTPTK,コカ・コーラ アクエリアス エアーボトル 500mlPET×24本
B07KPPK1VZ,本間ゴルフ HONMA ゴルフボール D1
B01LAK0RYW,伊藤園 理想のトマト 紙パック 200ml×24本
B003FSST4I,マルホン 太白胡麻油 1650g
B0012Z1OWU,コカ・コーラ 1.5LPET×8本
B07GBGD5K1,伊藤園 ヘルシールイボスティー  500ml ×24本
B001SES0D6,コカ・コーラ ゼロ 1.5LPET×8本
B07GPTC1SB,伊藤園 Relax ジャスミンティー 500ml×24本
B005C95AUO,クエーカー オートミール オールドファッション 4.52kg (10LB)
B006JWQOVC,QUAKER OATS　クエーカー　オールドファッションオートミール4.52kg　2.26kgX2パック入
B076RS4N8C,ネスカフェドルチェグスト 専用カプセルリッチブレンドマグナムパック 30P
B0016GHXLG,トンボ鉛筆 色鉛筆 NQ 36色 CB-NQ36C
B000K2U3JG,ZIPPO(ジッポー) Zippo オイル缶 【大缶355ml】
B079WB2Y9N,アサヒ飲料 三ツ矢サイダー ゼロストロング 500ml×24本
B00LGM4T1W,ティファール 電気ケトル 「ジャスティン プラス」 シンプルモデル ホワイト 1.2L KO340175
B07JGP3VC7,Google Chromecast 正規品 第三世代 2K対応 チャコール GA00439-JP
B08FL2XVFD,アサヒ飲料 「ウィルキンソン タンサン」マスカット 500ml ×24本
B01LAK0JM2,伊藤園 理想のトマト 900g×12本
B07BVFC6SX,コカ・コーラ ジョージア ジャパン クラフトマン カフェラテ 500mlPET×24本
B00CB8H5HA,アサヒ飲料 三ツ矢サイダー ピュアボトル 500ml×24本
B00007147M,コントレックス 水 1.5L [直輸入品] ×12本
B01MT7KHOH,マルコメ プラス糀 米糀からつくった糀甘酒LL 【国産米100%使用】 1000ml×6本
B01N0VQZYQ,アンパンマン にほんご えいご 二語文も! アンパンマン おしゃべりいっぱい! ことばずかんSuperDX 260×290×45mm
B000BA6Z0S,【ケース販売】明治 ヴァームウォーター グレープフルーツ 500mL×24本
B07KP745KQ,コカ・コーラ コカ・コーラ 250ml缶 ×30本
B076RJ273Y,ネスカフェドルチェグスト 専用カプセルカフェオレマグナムパック 30P
B01N9X0JGI,コカ・コーラ ゼロカフェイン ペットボトル 500ml×24本
B01MTXWSFE,ポッカサッポロ ポッカレモン100 450ml×3本
B00FBWBM3G,ブロックス BJV44
B07BVQP2F1,コカ・コーラ ジョージア ジャパン クラフトマン ブラック PET 500ml×24本
B002Q8H7SW,キユーピー 焙煎胡麻ドレッシング (業務用)
B004AOVMFY,伊藤園 おーいお茶 緑茶 280ml×24本
B07V4D7NW8,オカモト 調理に使えるビニール極薄手袋(粉なし)100枚入 M
B07HH8S475,クエーカー インスタントオートミール オリジナル 1kg
B01N9YVP0T,アサヒ飲料 ワンダ 極微糖 ボトル缶 370ml×24本
B07RZJBLX3,Nestle ネスレ MILO ミロ 大容量 700g
B07WG1JFSC,江崎グリコ GABA ギャバ フォースリープ(まろやかミルクチョコレート) 食品) 50g×10個[機能性表示食品(睡眠の質を高める)]
B07G263T3S,カルビー フルグラ 糖質オフ 600g×6袋
B007JTC9JA,HARIBO ハリボー ミニゴールドベア バケツ 980g (100袋入り)
B00U8NPYJG,伊藤園 タリーズコーヒー バリスタズブラック ボトル缶 390ml×24本
B088RPW921,アサヒ飲料 モンスター ウルトラパラダイス 355ml ×24本
B002P67WZI,日清食品 カップヌードル シーフードヌードル 75gx20個
B07VP9SN3V,パナソニック ヘアドライヤー ナノケア ピンクゴールド EH-NA9B-PN
B07HRSMSWQ,【大容量】パンテーン シャンプー エクストラダメージケア 詰め替え 超特大 2200mL
B073X1CSCW,Harel タラタラしてんじゃねーよ スティック エスニック唐辛子風味 300g 業務用
B0092KKOAK,大正製薬 リビタ (Livita) パルスイートカロリーゼロ 液体タイプ 600g
B07NFCVDS7,AGF ブレンディ カフェラトリー スティック 濃厚ミルクカフェラテ 20本×3箱 【 スティックコーヒー 】
B001HYT33S,大塚製薬 オロナミンC ドリンク 120ml×50本
B085QW65DT,キリン 世界のKitchenから ソルティライチ 500ml PET ×24本
B084H259NJ,キリン メッツ コーラ 480mlPET ×24本
B07PJR99NW,[トクホ] 伊藤園 2つの働き カテキン緑茶 (電子レンジ対応) 350ml ×24本
B01D80G6VA,伊藤園 健康ミネラルむぎ茶 650ml×24本
B01LX4VZ52,神田カレーグランプリ 欧風カレーボンディ チーズカレー お店の中辛 180g×5個
B0084LA0J8,クラフト パルメザンチーズ 227g [大容量 粉チーズ 100% パルメザン ナチュラルチーズ Kraft] ×227g
B003U6532G,カストロール エンジンオイル EDGE RS 10W-50 4L 4輪ガソリン車専用全合成油 Castrol
B00IK9AMNI,江崎グリコ クラッツ ペッパーベーコン 42g×10個 おつまみ ビールに合う スナック菓子
B01LY0OHPN,キユーピー シーザーサラダ ドレッシング 1000ml (業務用)
B079J1K49N,伊藤園 ごくごく飲める 毎日1杯の青汁 350g×24本
B00IMRAI78,亀田製菓 技のこだ割り旨辛とうがらし 110g×6袋
B000YUBR0S,ZIPPO(ジッポー) ZIPPOオイル 小缶
B07BXZ52M8,味の素 具たっぷり味噌汁 なす 10食入
B00A7LMN2K,【セット品】カルビー フルグラ 800g × 6袋
B00CHJEPU8,コカ・コーラ アクエリアスパウダー 48g×25袋
B0068CUWMA,ミツカン 味ぽん 1L
B07NS5C6R8,キユーピー すりおろしオニオンドレッシング 1000ml
B007NCSGYU,アサヒ飲料 Welch's(ウェルチ) グレープ100 800g×8本
B00I39HTJK,カルビー ピザポテト 63g × 12袋
B074DG9PT1,ネスレ ミロ オリジナル 700g×2個
B0012Z3DCE,にんべん つゆの素ゴールド500mL
B06XPY65LD,明治 ヴァームウォーターパウダー クリアアップル風味 5.5gx30袋
B0005ZUF8W,クエーカー メープルブラウンシュガー 430g
B00D13G6ZG,日東紅茶 DAY&DAY ティーバッグ 50袋入り
B00I59UEXQ,大象 韓美茶 コーン茶 150g(10g×5P×3袋入)×2個
B00BQS846W,S&B 予約でいっぱいの店のボロネーゼ 145.5g×5個
B01MPWBQWR,KIRKLAND (カークランド) オーガニック キヌア 2.04kg
B07NS43CCQ,キユーピー コブサラダ ドレッシング 1000ml
B004WHU20K,ユウキ ガラスープ 500g
B00O4V53GM,伊藤園 タリーズコーヒー バリスタズ ブラック 390mlボトル缶×48本
B00JZSUATO,カークランドシグネチャー オーガニックメープルシロップ1329g ×1329g
B01FFV68KO,KIRKLAND(カークランド) KIRKLAND（カークランド）　オーガニックエクストラﾊﾞｰｼﾞﾝオリーブオイル　1832ｇ [並行輸入品]
B0052C16SQ,ペヤング 超大盛やきそば 237g×12個
B01JOC92XA,SAZAC(サザック) フリース着ぐるみ ピカチュウ ポケモン
